algorithm,epsilon,relError,
Ladder,0.01,0.069573,
Ladder,0.1,0.023237,
Ladder,1,0.002011,
Ladder,10,0.000662,
LAP,0.01,1.522568,
LAP,0.1,0.171494,
LAP,1,0.014052,
LAP,10,0.001553,
,,,
,,,
,,,
