algorithm,epsilon,relError,
Ladder,0.01,3.462142,
Ladder,0.1,1.410314,
Ladder,1,0.026473,
Ladder,10,0.012303,
LAP,0.01,1.821476,
LAP,0.1,0.189394,
LAP,1,0.022856,
LAP,10,0.002365,
,,,
,,,
,,,
