algorithm,epsilon,timeMean,,
Ladder,0.01,528.657866,,
Ladder,0.1,530.869101,,
Ladder,1,516.738641,,
Ladder,10,532.693449,,
LAP,0.01,172.895862,,
LAP,0.1,172.333356,,
LAP,1,169.831548,,
LAP,10,171.472814,,
,,,,
,,,,
,,,,
,,,,
,,,,
,,,,
