algorithm,epsilon,timeMean,,
Ladder,0.01,78.124366,,
Ladder,0.1,78.92367,,
Ladder,1,78.275758,,
Ladder,10,77.820981,,
LAP,0.01,35.1169,,
LAP,0.1,35.263746,,
LAP,1,35.721499,,
LAP,10,35.202016,,
,,,,
